company,mean_wue,mean_pswi,max_pswi,n_facilities,reported_rank,pswi_rank_company,rank_shift
Amazon,0.18,0.2640857142857143,1.026,7,1,1,0
Meta,0.26,1.1188955555555555,2.912,9,2,2,0
xAI,1.5,1.98,1.98,1,8,3,5
Google,1.2,2.5264125,8.64,16,5,4,1
QTS,1.45,2.6969999999999996,3.6539999999999995,2,7,5,2
Equinix,1.07,3.4641250000000006,6.098999999999999,6,4,6,-2
Microsoft,0.90625,3.870375,13.44,8,3,7,-4
DigitalRealty,1.32,7.788,14.783999999999999,4,6,8,-2
