component,variance,share
log(WUE),0.8892127313874847,0.22082451467115394
log(beta),0.1981607261089032,0.04921066087482011
log(BWS),1.0959605816982119,0.27216767710308726
covariances,1.8789014242344235,0.4666009386461492
